INSERT INTO users (id, name, age) VALUES (1, 'Jas', 26), (2, 'TA', 27), (3, 'Brad', 23), (4, 'Nathan', 29), (5, 'Forrest', 20), (6, 'Adam', 23),
(7, 'Stuart', 20), (8, 'Ian', 14), (9, 'Sophie', 11), (10, 'Patrick', 25), (11, 'Masha', 23), (12, 'Jonathan', 60), (13, 'Becca', 26),
(14, 'Auntie Murial', 107), (15, 'Percy Jackson', 16), (16, 'Luke Castellan', 19), (17, 'Thalia Grace', 15), (18, 'Annabeth Chase', 15),
(19, 'Grover Underwood', 28), (20, 'Mr. D', 3000);


INSERT INTO projects (id, title, category, funding_goal, start_date, end_date) VALUES
(1, 'Original Trilogy 4K', 'movies', 500.00, '2013-06-30', '2013-07-30'),
(2, 'I need a new laptop', 'charity', 20.00, '2013-01-01', '2014-01-01'),
(3, 'LOB 1st Edition box', 'hobby', 1000.00, '2013-05-30', '2015-05-30'),
(4, 'Culinary School', 'education', 400.00, '2013-03-14', '2013-06-30'),
(5, 'Help with this lab!', 'education', 6000.00, '2013-03-20', '2013-09-20'),
(6, 'Two-person straw', 'developement', 200.00, '2014-12-30', '2015-12-30'),
(7, 'Candy canes for every child!', 'charity', 2000.00, '2013-10-02', '2013-10-30'),
(8, 'Make it snow in the south', 'developement', 800.00, '2014-06-30', '2014-06-31'),
(9, 'Improve Patriot offense', 'education', 3000.00, '2013-06-30', '2013-09-30'),
(10, 'Knight Tony Romo', 'charity', 5000.00, '2012-03-20', '2013-06-30');

INSERT INTO pledges (id, amount, user_id, project_id) VALUES
(1, 10.00, 1, 2),
(2, 20.00, 1, 3),
(3, 40.00, 1, 4),
(4, 50.00, 2, 3),
(5, 10.00, 3, 2),
(6, 20.00, 4, 4),
(7, 40.00, 5, 10),
(8, 60.00, 6, 10),
(9, 50.00, 7, 9),
(10, 700.00, 8, 8),
(11, 1000.00, 8, 7),
(12, 40.00, 9, 6),
(13, 50.00, 9, 3),
(14, 50.00, 10, 4),
(15, 24.00, 12, 1),
(16, 34.00, 11, 1),
(17, 12.00, 13, 6),
(18, 19.00, 14, 5),
(19, 20.00, 15, 5),
(20, 40.00, 16, 6),
(21, 35.50, 17, 7),
(22, 40.00, 18, 8),
(23, 60.00, 19, 9),
(24, 70.00, 20, 10),
(25, 100.00, 20, 4),
(26, 40.00, 19, 1),
(27, 20.00, 18, 6),
(28, 90.00, 17, 9),
(29, 230.00, 16, 6),
(30, 450.00, 15, 5);
